{"Segment 2Sandesh Brand 1 / Sandesh Brand 2 - Segment 2BroadbandFalconAverage revenue per new customer - Falcon": {"raw_score": 0.8741001454155398,
  "mape_score": 12.58999516526152,
  "params": {"epochs": 150,
   "batch_size": 4,
   "num_layers": 3,
   "unit_config": [128, 64, 32, 16]}},
 "Segment 2Sandesh Brand 1 / Sandesh Brand 2 - Segment 2BroadbandFalconAverage revenue per existing customer - Falcon": {"raw_score": 0.11413684,
  "mape_score": 89.04793942559634,
  "params": {"epochs": 150,
   "batch_size": 4,
   "num_layers": 2,
   "unit_config": [64, 32, 16, 8]}},
 "Segment 2Sandesh Brand 1 / Sandesh Brand 2 - Segment 2BroadbandFalconGross Adds - Falcon(Norm)": {"raw_score": 0.20174341,
  "mape_score": 244.5746031127268,
  "params": {"epochs": 150,
   "batch_size": 4,
   "num_layers": 4,
   "unit_config": [64, 32, 16, 8]}},
 "Segment 2Sandesh Brand 1 / Sandesh Brand 2 - Segment 2BroadbandFalconNet Migrations - Falcon(Norm)": {"raw_score": 0.14272704,
  "mape_score": 128.72699915129863,
  "params": {"epochs": 150,
   "batch_size": 4,
   "num_layers": 2,
   "unit_config": [32, 16, 8, 4]}}}