{"Segment 2Sandesh Brand 1 / Sandesh Brand 2 - Segment 2BroadbandFalconAverage revenue per new customer - Falcon": {"raw_score": 0.8968476466789556, "mape_score": 10.315242915446298, "params": {"train_points": 12, "scale": "MinMax", "model": "lr", "diff": false}}, "Segment 2Sandesh Brand 1 / Sandesh Brand 2 - Segment 2BroadbandFalconAverage revenue per existing customer - Falcon": {"raw_score": 0.7418264177694942, "mape_score": 49.47927439850277, "params": {"train_points": 12, "scale": "MinMax", "model": "xgboost", "diff": false}}, "Segment 2Sandesh Brand 1 / Sandesh Brand 2 - Segment 2BroadbandFalconGross Adds - Falcon(Norm)": {"raw_score": 0.7260264881650138, "mape_score": 27.397322775908584, "params": {"train_points": 12, "scale": "MinMax", "model": "xgboost", "diff": true}}, "Segment 2Sandesh Brand 1 / Sandesh Brand 2 - Segment 2BroadbandFalconNet Migrations - Falcon(Norm)": {"raw_score": 0.9335981260576912, "mape_score": 6.640182338794285, "params": {"train_points": 999, "scale": "MinMax", "model": "lr", "diff": true}}}