{"Segment 2Sandesh Brand 1 / Sandesh Brand 2 - Segment 2BroadbandFalconAverage revenue per new customer - Falcon": {"raw_score": 0.9199301327313062, "mape_score": 8.006992777607731, "params": [1, 0, 0], "seasonal_params": [0, 1, 0, 3]}, "Segment 2Sandesh Brand 1 / Sandesh Brand 2 - Segment 2BroadbandFalconAverage revenue per existing customer - Falcon": {"raw_score": 0.733168545263707, "mape_score": 26.683108286036333, "params": [1, 1, 0], "seasonal_params": [1, 0, 1, 12]}, "Segment 2Sandesh Brand 1 / Sandesh Brand 2 - Segment 2BroadbandFalconGross Adds - Falcon(Norm)": {"raw_score": 0.5378729114793289, "mape_score": 66.92254576421958, "params": [1, 1, 0], "seasonal_params": [0, 1, 0, 3]}, "Segment 2Sandesh Brand 1 / Sandesh Brand 2 - Segment 2BroadbandFalconNet Migrations - Falcon(Norm)": {"raw_score": 0.31986034281707015, "mape_score": 70.73678602159794, "params": [1, 1, 1], "seasonal_params": [0, 1, 0, 6]}}