values,Generic_LookupKey,date
0.561526358127594,Segment 2Sandesh Brand 1 / Sandesh Brand 2 - Segment 2BroadbandFalconAverage revenue per new customer - Falcon,2019-10-01
0.7066644430160522,Segment 2Sandesh Brand 1 / Sandesh Brand 2 - Segment 2BroadbandFalconAverage revenue per new customer - Falcon,2019-11-01
0.7008371353149414,Segment 2Sandesh Brand 1 / Sandesh Brand 2 - Segment 2BroadbandFalconAverage revenue per new customer - Falcon,2019-12-01
0.7891365885734558,Segment 2Sandesh Brand 1 / Sandesh Brand 2 - Segment 2BroadbandFalconAverage revenue per new customer - Falcon,2020-01-01
0.8059307336807251,Segment 2Sandesh Brand 1 / Sandesh Brand 2 - Segment 2BroadbandFalconAverage revenue per new customer - Falcon,2020-02-01
0.834251344203949,Segment 2Sandesh Brand 1 / Sandesh Brand 2 - Segment 2BroadbandFalconAverage revenue per new customer - Falcon,2020-03-01
0.8438953757286072,Segment 2Sandesh Brand 1 / Sandesh Brand 2 - Segment 2BroadbandFalconAverage revenue per new customer - Falcon,2020-04-01
0.8555846214294434,Segment 2Sandesh Brand 1 / Sandesh Brand 2 - Segment 2BroadbandFalconAverage revenue per new customer - Falcon,2020-05-01
0.8607403635978699,Segment 2Sandesh Brand 1 / Sandesh Brand 2 - Segment 2BroadbandFalconAverage revenue per new customer - Falcon,2020-06-01
0.8651579022407532,Segment 2Sandesh Brand 1 / Sandesh Brand 2 - Segment 2BroadbandFalconAverage revenue per new customer - Falcon,2020-07-01
0.867404580116272,Segment 2Sandesh Brand 1 / Sandesh Brand 2 - Segment 2BroadbandFalconAverage revenue per new customer - Falcon,2020-08-01
0.8691549301147461,Segment 2Sandesh Brand 1 / Sandesh Brand 2 - Segment 2BroadbandFalconAverage revenue per new customer - Falcon,2020-09-01
0.6854044795036316,Segment 2Sandesh Brand 1 / Sandesh Brand 2 - Segment 2BroadbandFalconAverage revenue per existing customer - Falcon,2019-10-01
0.0012745913118124008,Segment 2Sandesh Brand 1 / Sandesh Brand 2 - Segment 2BroadbandFalconAverage revenue per existing customer - Falcon,2019-11-01
-0.30331340432167053,Segment 2Sandesh Brand 1 / Sandesh Brand 2 - Segment 2BroadbandFalconAverage revenue per existing customer - Falcon,2019-12-01
-0.36505383253097534,Segment 2Sandesh Brand 1 / Sandesh Brand 2 - Segment 2BroadbandFalconAverage revenue per existing customer - Falcon,2020-01-01
-0.34716853499412537,Segment 2Sandesh Brand 1 / Sandesh Brand 2 - Segment 2BroadbandFalconAverage revenue per existing customer - Falcon,2020-02-01
-0.3270200192928314,Segment 2Sandesh Brand 1 / Sandesh Brand 2 - Segment 2BroadbandFalconAverage revenue per existing customer - Falcon,2020-03-01
-0.3168320059776306,Segment 2Sandesh Brand 1 / Sandesh Brand 2 - Segment 2BroadbandFalconAverage revenue per existing customer - Falcon,2020-04-01
-0.3127301037311554,Segment 2Sandesh Brand 1 / Sandesh Brand 2 - Segment 2BroadbandFalconAverage revenue per existing customer - Falcon,2020-05-01
-0.31084033846855164,Segment 2Sandesh Brand 1 / Sandesh Brand 2 - Segment 2BroadbandFalconAverage revenue per existing customer - Falcon,2020-06-01
-0.30980250239372253,Segment 2Sandesh Brand 1 / Sandesh Brand 2 - Segment 2BroadbandFalconAverage revenue per existing customer - Falcon,2020-07-01
-0.3091696798801422,Segment 2Sandesh Brand 1 / Sandesh Brand 2 - Segment 2BroadbandFalconAverage revenue per existing customer - Falcon,2020-08-01
-0.3087972104549408,Segment 2Sandesh Brand 1 / Sandesh Brand 2 - Segment 2BroadbandFalconAverage revenue per existing customer - Falcon,2020-09-01
-0.5680073897932176,Segment 2Sandesh Brand 1 / Sandesh Brand 2 - Segment 2BroadbandFalconGross Adds - Falcon(Norm),2019-10-01
-0.0012339082681810942,Segment 2Sandesh Brand 1 / Sandesh Brand 2 - Segment 2BroadbandFalconGross Adds - Falcon(Norm),2019-11-01
-0.2616519000178902,Segment 2Sandesh Brand 1 / Sandesh Brand 2 - Segment 2BroadbandFalconGross Adds - Falcon(Norm),2019-12-01
-0.9046161733258851,Segment 2Sandesh Brand 1 / Sandesh Brand 2 - Segment 2BroadbandFalconGross Adds - Falcon(Norm),2020-01-01
-0.6973428052798007,Segment 2Sandesh Brand 1 / Sandesh Brand 2 - Segment 2BroadbandFalconGross Adds - Falcon(Norm),2020-02-01
-0.42602912692026856,Segment 2Sandesh Brand 1 / Sandesh Brand 2 - Segment 2BroadbandFalconGross Adds - Falcon(Norm),2020-03-01
-0.42602912692026856,Segment 2Sandesh Brand 1 / Sandesh Brand 2 - Segment 2BroadbandFalconGross Adds - Falcon(Norm),2020-04-01
-0.42602912692026856,Segment 2Sandesh Brand 1 / Sandesh Brand 2 - Segment 2BroadbandFalconGross Adds - Falcon(Norm),2020-05-01
-0.42602912692026856,Segment 2Sandesh Brand 1 / Sandesh Brand 2 - Segment 2BroadbandFalconGross Adds - Falcon(Norm),2020-06-01
-0.42602912692026856,Segment 2Sandesh Brand 1 / Sandesh Brand 2 - Segment 2BroadbandFalconGross Adds - Falcon(Norm),2020-07-01
-0.42602912692026856,Segment 2Sandesh Brand 1 / Sandesh Brand 2 - Segment 2BroadbandFalconGross Adds - Falcon(Norm),2020-08-01
-0.42602912692026856,Segment 2Sandesh Brand 1 / Sandesh Brand 2 - Segment 2BroadbandFalconGross Adds - Falcon(Norm),2020-09-01
-0.10121965389703036,Segment 2Sandesh Brand 1 / Sandesh Brand 2 - Segment 2BroadbandFalconNet Migrations - Falcon(Norm),2019-10-01
-0.10121965389703036,Segment 2Sandesh Brand 1 / Sandesh Brand 2 - Segment 2BroadbandFalconNet Migrations - Falcon(Norm),2019-11-01
-0.10121965389703036,Segment 2Sandesh Brand 1 / Sandesh Brand 2 - Segment 2BroadbandFalconNet Migrations - Falcon(Norm),2019-12-01
-0.10121965389703036,Segment 2Sandesh Brand 1 / Sandesh Brand 2 - Segment 2BroadbandFalconNet Migrations - Falcon(Norm),2020-01-01
-0.10121965389703036,Segment 2Sandesh Brand 1 / Sandesh Brand 2 - Segment 2BroadbandFalconNet Migrations - Falcon(Norm),2020-02-01
-0.10121965389703036,Segment 2Sandesh Brand 1 / Sandesh Brand 2 - Segment 2BroadbandFalconNet Migrations - Falcon(Norm),2020-03-01
-0.10121965389703036,Segment 2Sandesh Brand 1 / Sandesh Brand 2 - Segment 2BroadbandFalconNet Migrations - Falcon(Norm),2020-04-01
-0.10121965389703036,Segment 2Sandesh Brand 1 / Sandesh Brand 2 - Segment 2BroadbandFalconNet Migrations - Falcon(Norm),2020-05-01
-0.10121965389703036,Segment 2Sandesh Brand 1 / Sandesh Brand 2 - Segment 2BroadbandFalconNet Migrations - Falcon(Norm),2020-06-01
-0.10121965389703036,Segment 2Sandesh Brand 1 / Sandesh Brand 2 - Segment 2BroadbandFalconNet Migrations - Falcon(Norm),2020-07-01
-0.10121965389703036,Segment 2Sandesh Brand 1 / Sandesh Brand 2 - Segment 2BroadbandFalconNet Migrations - Falcon(Norm),2020-08-01
-0.10121965389703036,Segment 2Sandesh Brand 1 / Sandesh Brand 2 - Segment 2BroadbandFalconNet Migrations - Falcon(Norm),2020-09-01
