values,Generic_LookupKey,date
0.1961308717727661,Segment 2Sandesh Brand 1 / Sandesh Brand 2 - Segment 2BroadbandFalconAverage revenue per new customer - Falcon,2019-10-01
0.21522995829582214,Segment 2Sandesh Brand 1 / Sandesh Brand 2 - Segment 2BroadbandFalconAverage revenue per new customer - Falcon,2019-11-01
0.35637804865837097,Segment 2Sandesh Brand 1 / Sandesh Brand 2 - Segment 2BroadbandFalconAverage revenue per new customer - Falcon,2019-12-01
0.4164678752422333,Segment 2Sandesh Brand 1 / Sandesh Brand 2 - Segment 2BroadbandFalconAverage revenue per new customer - Falcon,2020-01-01
0.5246207118034363,Segment 2Sandesh Brand 1 / Sandesh Brand 2 - Segment 2BroadbandFalconAverage revenue per new customer - Falcon,2020-02-01
0.5999334454536438,Segment 2Sandesh Brand 1 / Sandesh Brand 2 - Segment 2BroadbandFalconAverage revenue per new customer - Falcon,2020-03-01
0.6741719245910645,Segment 2Sandesh Brand 1 / Sandesh Brand 2 - Segment 2BroadbandFalconAverage revenue per new customer - Falcon,2020-04-01
0.7260558605194092,Segment 2Sandesh Brand 1 / Sandesh Brand 2 - Segment 2BroadbandFalconAverage revenue per new customer - Falcon,2020-05-01
0.7670352458953857,Segment 2Sandesh Brand 1 / Sandesh Brand 2 - Segment 2BroadbandFalconAverage revenue per new customer - Falcon,2020-06-01
0.7944576144218445,Segment 2Sandesh Brand 1 / Sandesh Brand 2 - Segment 2BroadbandFalconAverage revenue per new customer - Falcon,2020-07-01
0.813833475112915,Segment 2Sandesh Brand 1 / Sandesh Brand 2 - Segment 2BroadbandFalconAverage revenue per new customer - Falcon,2020-08-01
0.8264464735984802,Segment 2Sandesh Brand 1 / Sandesh Brand 2 - Segment 2BroadbandFalconAverage revenue per new customer - Falcon,2020-09-01
1.793386459350586,Segment 2Sandesh Brand 1 / Sandesh Brand 2 - Segment 2BroadbandFalconAverage revenue per existing customer - Falcon,2019-10-01
1.82326340675354,Segment 2Sandesh Brand 1 / Sandesh Brand 2 - Segment 2BroadbandFalconAverage revenue per existing customer - Falcon,2019-11-01
1.769243836402893,Segment 2Sandesh Brand 1 / Sandesh Brand 2 - Segment 2BroadbandFalconAverage revenue per existing customer - Falcon,2019-12-01
1.6629610061645508,Segment 2Sandesh Brand 1 / Sandesh Brand 2 - Segment 2BroadbandFalconAverage revenue per existing customer - Falcon,2020-01-01
1.5104857683181763,Segment 2Sandesh Brand 1 / Sandesh Brand 2 - Segment 2BroadbandFalconAverage revenue per existing customer - Falcon,2020-02-01
1.3252347707748413,Segment 2Sandesh Brand 1 / Sandesh Brand 2 - Segment 2BroadbandFalconAverage revenue per existing customer - Falcon,2020-03-01
1.1153229475021362,Segment 2Sandesh Brand 1 / Sandesh Brand 2 - Segment 2BroadbandFalconAverage revenue per existing customer - Falcon,2020-04-01
0.8872048258781433,Segment 2Sandesh Brand 1 / Sandesh Brand 2 - Segment 2BroadbandFalconAverage revenue per existing customer - Falcon,2020-05-01
0.6478666663169861,Segment 2Sandesh Brand 1 / Sandesh Brand 2 - Segment 2BroadbandFalconAverage revenue per existing customer - Falcon,2020-06-01
0.4098559021949768,Segment 2Sandesh Brand 1 / Sandesh Brand 2 - Segment 2BroadbandFalconAverage revenue per existing customer - Falcon,2020-07-01
0.19317054748535156,Segment 2Sandesh Brand 1 / Sandesh Brand 2 - Segment 2BroadbandFalconAverage revenue per existing customer - Falcon,2020-08-01
0.018905628472566605,Segment 2Sandesh Brand 1 / Sandesh Brand 2 - Segment 2BroadbandFalconAverage revenue per existing customer - Falcon,2020-09-01
-0.49026896794359465,Segment 2Sandesh Brand 1 / Sandesh Brand 2 - Segment 2BroadbandFalconGross Adds - Falcon(Norm),2019-10-01
-0.16294764531899847,Segment 2Sandesh Brand 1 / Sandesh Brand 2 - Segment 2BroadbandFalconGross Adds - Falcon(Norm),2019-11-01
0.009386197608324653,Segment 2Sandesh Brand 1 / Sandesh Brand 2 - Segment 2BroadbandFalconGross Adds - Falcon(Norm),2019-12-01
-0.24149954710321256,Segment 2Sandesh Brand 1 / Sandesh Brand 2 - Segment 2BroadbandFalconGross Adds - Falcon(Norm),2020-01-01
-0.39332492290965515,Segment 2Sandesh Brand 1 / Sandesh Brand 2 - Segment 2BroadbandFalconGross Adds - Falcon(Norm),2020-02-01
-0.3764463936705009,Segment 2Sandesh Brand 1 / Sandesh Brand 2 - Segment 2BroadbandFalconGross Adds - Falcon(Norm),2020-03-01
-0.3764463936705009,Segment 2Sandesh Brand 1 / Sandesh Brand 2 - Segment 2BroadbandFalconGross Adds - Falcon(Norm),2020-04-01
-0.3764463936705009,Segment 2Sandesh Brand 1 / Sandesh Brand 2 - Segment 2BroadbandFalconGross Adds - Falcon(Norm),2020-05-01
-0.3764463936705009,Segment 2Sandesh Brand 1 / Sandesh Brand 2 - Segment 2BroadbandFalconGross Adds - Falcon(Norm),2020-06-01
-0.3764463936705009,Segment 2Sandesh Brand 1 / Sandesh Brand 2 - Segment 2BroadbandFalconGross Adds - Falcon(Norm),2020-07-01
-0.3764463936705009,Segment 2Sandesh Brand 1 / Sandesh Brand 2 - Segment 2BroadbandFalconGross Adds - Falcon(Norm),2020-08-01
-0.3764463936705009,Segment 2Sandesh Brand 1 / Sandesh Brand 2 - Segment 2BroadbandFalconGross Adds - Falcon(Norm),2020-09-01
-0.56818698672483,Segment 2Sandesh Brand 1 / Sandesh Brand 2 - Segment 2BroadbandFalconNet Migrations - Falcon(Norm),2019-10-01
-0.56818698672483,Segment 2Sandesh Brand 1 / Sandesh Brand 2 - Segment 2BroadbandFalconNet Migrations - Falcon(Norm),2019-11-01
-0.56818698672483,Segment 2Sandesh Brand 1 / Sandesh Brand 2 - Segment 2BroadbandFalconNet Migrations - Falcon(Norm),2019-12-01
-0.56818698672483,Segment 2Sandesh Brand 1 / Sandesh Brand 2 - Segment 2BroadbandFalconNet Migrations - Falcon(Norm),2020-01-01
-0.56818698672483,Segment 2Sandesh Brand 1 / Sandesh Brand 2 - Segment 2BroadbandFalconNet Migrations - Falcon(Norm),2020-02-01
-0.56818698672483,Segment 2Sandesh Brand 1 / Sandesh Brand 2 - Segment 2BroadbandFalconNet Migrations - Falcon(Norm),2020-03-01
-0.56818698672483,Segment 2Sandesh Brand 1 / Sandesh Brand 2 - Segment 2BroadbandFalconNet Migrations - Falcon(Norm),2020-04-01
-0.56818698672483,Segment 2Sandesh Brand 1 / Sandesh Brand 2 - Segment 2BroadbandFalconNet Migrations - Falcon(Norm),2020-05-01
-0.56818698672483,Segment 2Sandesh Brand 1 / Sandesh Brand 2 - Segment 2BroadbandFalconNet Migrations - Falcon(Norm),2020-06-01
-0.56818698672483,Segment 2Sandesh Brand 1 / Sandesh Brand 2 - Segment 2BroadbandFalconNet Migrations - Falcon(Norm),2020-07-01
-0.56818698672483,Segment 2Sandesh Brand 1 / Sandesh Brand 2 - Segment 2BroadbandFalconNet Migrations - Falcon(Norm),2020-08-01
-0.56818698672483,Segment 2Sandesh Brand 1 / Sandesh Brand 2 - Segment 2BroadbandFalconNet Migrations - Falcon(Norm),2020-09-01
