values,Generic_LookupKey,date
0.4634644687175751,Segment 2Sandesh Brand 1 / Sandesh Brand 2 - Segment 2BroadbandFalconAverage revenue per new customer - Falcon,2019-10-01
0.49415528774261475,Segment 2Sandesh Brand 1 / Sandesh Brand 2 - Segment 2BroadbandFalconAverage revenue per new customer - Falcon,2019-11-01
0.5873879194259644,Segment 2Sandesh Brand 1 / Sandesh Brand 2 - Segment 2BroadbandFalconAverage revenue per new customer - Falcon,2019-12-01
0.6083847880363464,Segment 2Sandesh Brand 1 / Sandesh Brand 2 - Segment 2BroadbandFalconAverage revenue per new customer - Falcon,2020-01-01
0.6682358384132385,Segment 2Sandesh Brand 1 / Sandesh Brand 2 - Segment 2BroadbandFalconAverage revenue per new customer - Falcon,2020-02-01
0.7000851035118103,Segment 2Sandesh Brand 1 / Sandesh Brand 2 - Segment 2BroadbandFalconAverage revenue per new customer - Falcon,2020-03-01
0.7264074087142944,Segment 2Sandesh Brand 1 / Sandesh Brand 2 - Segment 2BroadbandFalconAverage revenue per new customer - Falcon,2020-04-01
0.743424117565155,Segment 2Sandesh Brand 1 / Sandesh Brand 2 - Segment 2BroadbandFalconAverage revenue per new customer - Falcon,2020-05-01
0.756830096244812,Segment 2Sandesh Brand 1 / Sandesh Brand 2 - Segment 2BroadbandFalconAverage revenue per new customer - Falcon,2020-06-01
0.7658290266990662,Segment 2Sandesh Brand 1 / Sandesh Brand 2 - Segment 2BroadbandFalconAverage revenue per new customer - Falcon,2020-07-01
0.7722034454345703,Segment 2Sandesh Brand 1 / Sandesh Brand 2 - Segment 2BroadbandFalconAverage revenue per new customer - Falcon,2020-08-01
0.776558518409729,Segment 2Sandesh Brand 1 / Sandesh Brand 2 - Segment 2BroadbandFalconAverage revenue per new customer - Falcon,2020-09-01
3.0541396141052246,Segment 2Sandesh Brand 1 / Sandesh Brand 2 - Segment 2BroadbandFalconAverage revenue per existing customer - Falcon,2019-10-01
2.9746482372283936,Segment 2Sandesh Brand 1 / Sandesh Brand 2 - Segment 2BroadbandFalconAverage revenue per existing customer - Falcon,2019-11-01
2.7999536991119385,Segment 2Sandesh Brand 1 / Sandesh Brand 2 - Segment 2BroadbandFalconAverage revenue per existing customer - Falcon,2019-12-01
3.0777158737182617,Segment 2Sandesh Brand 1 / Sandesh Brand 2 - Segment 2BroadbandFalconAverage revenue per existing customer - Falcon,2020-01-01
3.4423046112060547,Segment 2Sandesh Brand 1 / Sandesh Brand 2 - Segment 2BroadbandFalconAverage revenue per existing customer - Falcon,2020-02-01
3.527186155319214,Segment 2Sandesh Brand 1 / Sandesh Brand 2 - Segment 2BroadbandFalconAverage revenue per existing customer - Falcon,2020-03-01
3.4269914627075195,Segment 2Sandesh Brand 1 / Sandesh Brand 2 - Segment 2BroadbandFalconAverage revenue per existing customer - Falcon,2020-04-01
3.422393560409546,Segment 2Sandesh Brand 1 / Sandesh Brand 2 - Segment 2BroadbandFalconAverage revenue per existing customer - Falcon,2020-05-01
3.5374908447265625,Segment 2Sandesh Brand 1 / Sandesh Brand 2 - Segment 2BroadbandFalconAverage revenue per existing customer - Falcon,2020-06-01
3.606055736541748,Segment 2Sandesh Brand 1 / Sandesh Brand 2 - Segment 2BroadbandFalconAverage revenue per existing customer - Falcon,2020-07-01
3.5870821475982666,Segment 2Sandesh Brand 1 / Sandesh Brand 2 - Segment 2BroadbandFalconAverage revenue per existing customer - Falcon,2020-08-01
3.5602328777313232,Segment 2Sandesh Brand 1 / Sandesh Brand 2 - Segment 2BroadbandFalconAverage revenue per existing customer - Falcon,2020-09-01
-0.20786468466072425,Segment 2Sandesh Brand 1 / Sandesh Brand 2 - Segment 2BroadbandFalconGross Adds - Falcon(Norm),2019-10-01
-0.946385620713642,Segment 2Sandesh Brand 1 / Sandesh Brand 2 - Segment 2BroadbandFalconGross Adds - Falcon(Norm),2019-11-01
-0.45836831966026825,Segment 2Sandesh Brand 1 / Sandesh Brand 2 - Segment 2BroadbandFalconGross Adds - Falcon(Norm),2019-12-01
-0.2849709801185789,Segment 2Sandesh Brand 1 / Sandesh Brand 2 - Segment 2BroadbandFalconGross Adds - Falcon(Norm),2020-01-01
-0.4220838830991002,Segment 2Sandesh Brand 1 / Sandesh Brand 2 - Segment 2BroadbandFalconGross Adds - Falcon(Norm),2020-02-01
-0.4048536430667382,Segment 2Sandesh Brand 1 / Sandesh Brand 2 - Segment 2BroadbandFalconGross Adds - Falcon(Norm),2020-03-01
-0.4048536430667382,Segment 2Sandesh Brand 1 / Sandesh Brand 2 - Segment 2BroadbandFalconGross Adds - Falcon(Norm),2020-04-01
-0.4048536430667382,Segment 2Sandesh Brand 1 / Sandesh Brand 2 - Segment 2BroadbandFalconGross Adds - Falcon(Norm),2020-05-01
-0.4048536430667382,Segment 2Sandesh Brand 1 / Sandesh Brand 2 - Segment 2BroadbandFalconGross Adds - Falcon(Norm),2020-06-01
-0.4048536430667382,Segment 2Sandesh Brand 1 / Sandesh Brand 2 - Segment 2BroadbandFalconGross Adds - Falcon(Norm),2020-07-01
-0.4048536430667382,Segment 2Sandesh Brand 1 / Sandesh Brand 2 - Segment 2BroadbandFalconGross Adds - Falcon(Norm),2020-08-01
-0.4048536430667382,Segment 2Sandesh Brand 1 / Sandesh Brand 2 - Segment 2BroadbandFalconGross Adds - Falcon(Norm),2020-09-01
0.17956832411373702,Segment 2Sandesh Brand 1 / Sandesh Brand 2 - Segment 2BroadbandFalconNet Migrations - Falcon(Norm),2019-10-01
0.17956832411373702,Segment 2Sandesh Brand 1 / Sandesh Brand 2 - Segment 2BroadbandFalconNet Migrations - Falcon(Norm),2019-11-01
0.17956832411373702,Segment 2Sandesh Brand 1 / Sandesh Brand 2 - Segment 2BroadbandFalconNet Migrations - Falcon(Norm),2019-12-01
0.17956832411373702,Segment 2Sandesh Brand 1 / Sandesh Brand 2 - Segment 2BroadbandFalconNet Migrations - Falcon(Norm),2020-01-01
0.17956832411373702,Segment 2Sandesh Brand 1 / Sandesh Brand 2 - Segment 2BroadbandFalconNet Migrations - Falcon(Norm),2020-02-01
0.17956832411373702,Segment 2Sandesh Brand 1 / Sandesh Brand 2 - Segment 2BroadbandFalconNet Migrations - Falcon(Norm),2020-03-01
0.17956832411373702,Segment 2Sandesh Brand 1 / Sandesh Brand 2 - Segment 2BroadbandFalconNet Migrations - Falcon(Norm),2020-04-01
0.17956832411373702,Segment 2Sandesh Brand 1 / Sandesh Brand 2 - Segment 2BroadbandFalconNet Migrations - Falcon(Norm),2020-05-01
0.17956832411373702,Segment 2Sandesh Brand 1 / Sandesh Brand 2 - Segment 2BroadbandFalconNet Migrations - Falcon(Norm),2020-06-01
0.17956832411373702,Segment 2Sandesh Brand 1 / Sandesh Brand 2 - Segment 2BroadbandFalconNet Migrations - Falcon(Norm),2020-07-01
0.17956832411373702,Segment 2Sandesh Brand 1 / Sandesh Brand 2 - Segment 2BroadbandFalconNet Migrations - Falcon(Norm),2020-08-01
0.17956832411373702,Segment 2Sandesh Brand 1 / Sandesh Brand 2 - Segment 2BroadbandFalconNet Migrations - Falcon(Norm),2020-09-01
